,,,,,,,,,,,,,
Vesicles red Position,,,,,,,,,,,,,
 ==================== ,,,,,,,,,,,,,
Vesicles red Position X,Vesicles red Position Y,Vesicles red Position Z,Unit,Category,Collection,Birth [s],Death [s],CellID,ID,OriginalID,Original Component Name,Original Component ID,Original Image Name
342.290955,-217.997925,-1.328807,µm,Vesicles red, Vesicles red Position,0,1,0,300033944,300033944,Cells 1 x.icsx_[ibrx_2026-08-20T16-15-22.389],400001,Ly7_dTAG_G_LCR_BCL6_n1_1_R3D_D3D_[ims1_2026-08-20T16-15-22.389]
364.306,-193.410309,-2.496573,µm,Vesicles red, Vesicles red Position,0,1,1,300033945,300033945,Cells 1 x.icsx_[ibrx_2026-08-20T16-15-22.389],400001,Ly7_dTAG_G_LCR_BCL6_n1_1_R3D_D3D_[ims1_2026-08-20T16-15-22.389]
361.794281,-189.641693,-1.329158,µm,Vesicles red, Vesicles red Position,0,1,1,300033946,300033946,Cells 1 x.icsx_[ibrx_2026-08-20T16-15-22.389],400001,Ly7_dTAG_G_LCR_BCL6_n1_1_R3D_D3D_[ims1_2026-08-20T16-15-22.389]
369.12738,-189.756744,-0.776509,µm,Vesicles red, Vesicles red Position,0,1,1,300033947,300033947,Cells 1 x.icsx_[ibrx_2026-08-20T16-15-22.389],400001,Ly7_dTAG_G_LCR_BCL6_n1_1_R3D_D3D_[ims1_2026-08-20T16-15-22.389]
368.845825,-188.783173,-0.680211,µm,Vesicles red, Vesicles red Position,0,1,1,300033948,300033948,Cells 1 x.icsx_[ibrx_2026-08-20T16-15-22.389],400001,Ly7_dTAG_G_LCR_BCL6_n1_1_R3D_D3D_[ims1_2026-08-20T16-15-22.389]
329.151978,-190.318771,-2.910833,µm,Vesicles red, Vesicles red Position,0,1,2,300033949,300033949,Cells 1 x.icsx_[ibrx_2026-08-20T16-15-22.389],400001,Ly7_dTAG_G_LCR_BCL6_n1_1_R3D_D3D_[ims1_2026-08-20T16-15-22.389]
330.340363,-193.931,-0.678358,µm,Vesicles red, Vesicles red Position,0,1,2,300033950,300033950,Cells 1 x.icsx_[ibrx_2026-08-20T16-15-22.389],400001,Ly7_dTAG_G_LCR_BCL6_n1_1_R3D_D3D_[ims1_2026-08-20T16-15-22.389]
338.052185,-206.725647,-3.103033,µm,Vesicles red, Vesicles red Position,0,1,3,300033951,300059070,Cells 1 x.icsx_[ibrx_2026-08-20T16-15-22.389],400001,Ly7_dTAG_G_LCR_BCL6_n1_1_R3D_[ims1_2026-08-20T16-15-22.389]
343.181549,-203.576096,-2.999821,µm,Vesicles red, Vesicles red Position,0,1,3,300033952,300059071,Cells 1 x.icsx_[ibrx_2026-08-20T16-15-22.389],400001,Ly7_dTAG_G_LCR_BCL6_n1_1_R3D_[ims1_2026-08-20T16-15-22.389]
344.016174,-216.283524,-1.336029,µm,Vesicles red, Vesicles red Position,0,1,3,300033953,300059072,Cells 1 x.icsx_[ibrx_2026-08-20T16-15-22.389],400001,Ly7_dTAG_G_LCR_BCL6_n1_1_R3D_[ims1_2026-08-20T16-15-22.389]
366.023285,-191.705261,-2.527325,µm,Vesicles red, Vesicles red Position,0,1,4,300033954,300059073,Cells 1 x.icsx_[ibrx_2026-08-20T16-15-22.389],400001,Ly7_dTAG_G_LCR_BCL6_n1_1_R3D_[ims1_2026-08-20T16-15-22.389]
363.523529,-187.920837,-1.315745,µm,Vesicles red, Vesicles red Position,0,1,4,300033955,300059074,Cells 1 x.icsx_[ibrx_2026-08-20T16-15-22.389],400001,Ly7_dTAG_G_LCR_BCL6_n1_1_R3D_[ims1_2026-08-20T16-15-22.389]
370.842285,-188.028717,-0.773927,µm,Vesicles red, Vesicles red Position,0,1,4,300033956,300059075,Cells 1 x.icsx_[ibrx_2026-08-20T16-15-22.389],400001,Ly7_dTAG_G_LCR_BCL6_n1_1_R3D_[ims1_2026-08-20T16-15-22.389]
370.56369,-187.072189,-0.703509,µm,Vesicles red, Vesicles red Position,0,1,4,300033957,300059076,Cells 1 x.icsx_[ibrx_2026-08-20T16-15-22.389],400001,Ly7_dTAG_G_LCR_BCL6_n1_1_R3D_[ims1_2026-08-20T16-15-22.389]
330.871094,-188.595276,-2.910805,µm,Vesicles red, Vesicles red Position,0,1,5,300033958,300059077,Cells 1 x.icsx_[ibrx_2026-08-20T16-15-22.389],400001,Ly7_dTAG_G_LCR_BCL6_n1_1_R3D_[ims1_2026-08-20T16-15-22.389]
330.578186,-192.029495,-2.266091,µm,Vesicles red, Vesicles red Position,0,1,5,300033959,300059078,Cells 1 x.icsx_[ibrx_2026-08-20T16-15-22.389],400001,Ly7_dTAG_G_LCR_BCL6_n1_1_R3D_[ims1_2026-08-20T16-15-22.389]
332.017426,-192.171432,-0.605383,µm,Vesicles red, Vesicles red Position,0,1,5,300033960,300059079,Cells 1 x.icsx_[ibrx_2026-08-20T16-15-22.389],400001,Ly7_dTAG_G_LCR_BCL6_n1_1_R3D_[ims1_2026-08-20T16-15-22.389]
206.099777,-98.120224,-2.525545,µm,Vesicles red, Vesicles red Position,0,1,6,300033961,300031675,Cells 1 x.icsx_[ibrx_2026-08-20T16-15-22.389],400001,Ly7_dTAG_G_LCR_BCL6_n1_2_R3D_D3D_[ims1_2026-08-20T16-15-22.389]
210.751816,-99.161118,-0.749384,µm,Vesicles red, Vesicles red Position,0,1,6,300033962,300031676,Cells 1 x.icsx_[ibrx_2026-08-20T16-15-22.389],400001,Ly7_dTAG_G_LCR_BCL6_n1_2_R3D_D3D_[ims1_2026-08-20T16-15-22.389]
212.152512,-97.152527,-0.762527,µm,Vesicles red, Vesicles red Position,0,1,6,300033963,300031677,Cells 1 x.icsx_[ibrx_2026-08-20T16-15-22.389],400001,Ly7_dTAG_G_LCR_BCL6_n1_2_R3D_D3D_[ims1_2026-08-20T16-15-22.389]
195.192841,-92.865959,-0.636104,µm,Vesicles red, Vesicles red Position,0,1,7,300033964,300031678,Cells 1 x.icsx_[ibrx_2026-08-20T16-15-22.389],400001,Ly7_dTAG_G_LCR_BCL6_n1_2_R3D_D3D_[ims1_2026-08-20T16-15-22.389]
194.407089,-88.169609,-1.493861,µm,Vesicles red, Vesicles red Position,0,1,7,300033965,300031679,Cells 1 x.icsx_[ibrx_2026-08-20T16-15-22.389],400001,Ly7_dTAG_G_LCR_BCL6_n1_2_R3D_D3D_[ims1_2026-08-20T16-15-22.389]
207.816589,-96.392151,-2.501477,µm,Vesicles red, Vesicles red Position,0,1,8,300033966,300056364,Cells 1 x.icsx_[ibrx_2026-08-20T16-15-22.389],400001,Ly7_dTAG_G_LCR_BCL6_n1_2_R3D_[ims1_2026-08-20T16-15-22.389]
213.875458,-95.427483,-0.774612,µm,Vesicles red, Vesicles red Position,0,1,8,300033967,300056365,Cells 1 x.icsx_[ibrx_2026-08-20T16-15-22.389],400001,Ly7_dTAG_G_LCR_BCL6_n1_2_R3D_[ims1_2026-08-20T16-15-22.389]
212.468811,-97.442764,-0.742762,µm,Vesicles red, Vesicles red Position,0,1,8,300033968,300056366,Cells 1 x.icsx_[ibrx_2026-08-20T16-15-22.389],400001,Ly7_dTAG_G_LCR_BCL6_n1_2_R3D_[ims1_2026-08-20T16-15-22.389]
196.919296,-91.148697,-0.643153,µm,Vesicles red, Vesicles red Position,0,1,9,300033969,300056367,Cells 1 x.icsx_[ibrx_2026-08-20T16-15-22.389],400001,Ly7_dTAG_G_LCR_BCL6_n1_2_R3D_[ims1_2026-08-20T16-15-22.389]
196.137558,-86.460922,-1.543394,µm,Vesicles red, Vesicles red Position,0,1,9,300033970,300056368,Cells 1 x.icsx_[ibrx_2026-08-20T16-15-22.389],400001,Ly7_dTAG_G_LCR_BCL6_n1_2_R3D_[ims1_2026-08-20T16-15-22.389]
403.62677,-66.619347,-2.104519,µm,Vesicles red, Vesicles red Position,0,1,10,300033971,300034230,Cells 1 x.icsx_[ibrx_2026-08-20T16-15-22.389],400001,Ly7_dTAG_G_LCR_BCL6_n1_3_R3D_D3D_[ims1_2026-08-20T16-15-22.389]
398.445007,-67.901604,-1.859661,µm,Vesicles red, Vesicles red Position,0,1,10,300033972,300034231,Cells 1 x.icsx_[ibrx_2026-08-20T16-15-22.389],400001,Ly7_dTAG_G_LCR_BCL6_n1_3_R3D_D3D_[ims1_2026-08-20T16-15-22.389]
428.212189,-59.106873,-1.813551,µm,Vesicles red, Vesicles red Position,0,1,11,300033973,300034232,Cells 1 x.icsx_[ibrx_2026-08-20T16-15-22.389],400001,Ly7_dTAG_G_LCR_BCL6_n1_3_R3D_D3D_[ims1_2026-08-20T16-15-22.389]
428.042542,-58.222443,-1.920368,µm,Vesicles red, Vesicles red Position,0,1,11,300033974,300034233,Cells 1 x.icsx_[ibrx_2026-08-20T16-15-22.389],400001,Ly7_dTAG_G_LCR_BCL6_n1_3_R3D_D3D_[ims1_2026-08-20T16-15-22.389]
432.893402,-54.380943,-1.901474,µm,Vesicles red, Vesicles red Position,0,1,11,300033975,300034234,Cells 1 x.icsx_[ibrx_2026-08-20T16-15-22.389],400001,Ly7_dTAG_G_LCR_BCL6_n1_3_R3D_D3D_[ims1_2026-08-20T16-15-22.389]
432.352142,-54.007378,-1.705234,µm,Vesicles red, Vesicles red Position,0,1,11,300033976,300034235,Cells 1 x.icsx_[ibrx_2026-08-20T16-15-22.389],400001,Ly7_dTAG_G_LCR_BCL6_n1_3_R3D_D3D_[ims1_2026-08-20T16-15-22.389]
433.225006,-59.821915,-1.458926,µm,Vesicles red, Vesicles red Position,0,1,11,300033977,300034236,Cells 1 x.icsx_[ibrx_2026-08-20T16-15-22.389],400001,Ly7_dTAG_G_LCR_BCL6_n1_3_R3D_D3D_[ims1_2026-08-20T16-15-22.389]
433.384491,-59.264656,-1.315301,µm,Vesicles red, Vesicles red Position,0,1,11,300033978,300034237,Cells 1 x.icsx_[ibrx_2026-08-20T16-15-22.389],400001,Ly7_dTAG_G_LCR_BCL6_n1_3_R3D_D3D_[ims1_2026-08-20T16-15-22.389]
387.651703,-46.040855,-1.820251,µm,Vesicles red, Vesicles red Position,0,1,12,300033979,300034238,Cells 1 x.icsx_[ibrx_2026-08-20T16-15-22.389],400001,Ly7_dTAG_G_LCR_BCL6_n1_3_R3D_D3D_[ims1_2026-08-20T16-15-22.389]
384.26944,-39.479435,-1.739049,µm,Vesicles red, Vesicles red Position,0,1,12,300033980,300034239,Cells 1 x.icsx_[ibrx_2026-08-20T16-15-22.389],400001,Ly7_dTAG_G_LCR_BCL6_n1_3_R3D_D3D_[ims1_2026-08-20T16-15-22.389]
389.401215,-46.58046,-0.675626,µm,Vesicles red, Vesicles red Position,0,1,12,300033981,300034240,Cells 1 x.icsx_[ibrx_2026-08-20T16-15-22.389],400001,Ly7_dTAG_G_LCR_BCL6_n1_3_R3D_D3D_[ims1_2026-08-20T16-15-22.389]
429.524048,-39.819408,-2.003223,µm,Vesicles red, Vesicles red Position,0,1,13,300033982,300034241,Cells 1 x.icsx_[ibrx_2026-08-20T16-15-22.389],400001,Ly7_dTAG_G_LCR_BCL6_n1_3_R3D_D3D_[ims1_2026-08-20T16-15-22.389]
423.411346,-39.271107,0.091387,µm,Vesicles red, Vesicles red Position,0,1,13,300033983,300034242,Cells 1 x.icsx_[ibrx_2026-08-20T16-15-22.389],400001,Ly7_dTAG_G_LCR_BCL6_n1_3_R3D_D3D_[ims1_2026-08-20T16-15-22.389]
429.718628,-39.199524,-1.630304,µm,Vesicles red, Vesicles red Position,0,1,13,300033984,300034243,Cells 1 x.icsx_[ibrx_2026-08-20T16-15-22.389],400001,Ly7_dTAG_G_LCR_BCL6_n1_3_R3D_D3D_[ims1_2026-08-20T16-15-22.389]
425.152039,-32.896324,-1.081293,µm,Vesicles red, Vesicles red Position,0,1,13,300033985,300034244,Cells 1 x.icsx_[ibrx_2026-08-20T16-15-22.389],400001,Ly7_dTAG_G_LCR_BCL6_n1_3_R3D_D3D_[ims1_2026-08-20T16-15-22.389]
425.583008,-32.812992,-1.001023,µm,Vesicles red, Vesicles red Position,0,1,13,300033986,300034245,Cells 1 x.icsx_[ibrx_2026-08-20T16-15-22.389],400001,Ly7_dTAG_G_LCR_BCL6_n1_3_R3D_D3D_[ims1_2026-08-20T16-15-22.389]
405.342957,-64.905418,-2.116774,µm,Vesicles red, Vesicles red Position,0,1,14,300033987,300058862,Cells 1 x.icsx_[ibrx_2026-08-20T16-15-22.389],400001,Ly7_dTAG_G_LCR_BCL6_n1_3_R3D_[ims1_2026-08-20T16-15-22.389]
400.161102,-66.166847,-1.850237,µm,Vesicles red, Vesicles red Position,0,1,14,300033988,300058863,Cells 1 x.icsx_[ibrx_2026-08-20T16-15-22.389],400001,Ly7_dTAG_G_LCR_BCL6_n1_3_R3D_[ims1_2026-08-20T16-15-22.389]
429.753876,-56.522972,-1.971192,µm,Vesicles red, Vesicles red Position,0,1,15,300033989,300058864,Cells 1 x.icsx_[ibrx_2026-08-20T16-15-22.389],400001,Ly7_dTAG_G_LCR_BCL6_n1_3_R3D_[ims1_2026-08-20T16-15-22.389]
429.929382,-57.392715,-1.831688,µm,Vesicles red, Vesicles red Position,0,1,15,300033990,300058865,Cells 1 x.icsx_[ibrx_2026-08-20T16-15-22.389],400001,Ly7_dTAG_G_LCR_BCL6_n1_3_R3D_[ims1_2026-08-20T16-15-22.389]
434.591492,-52.652832,-1.908899,µm,Vesicles red, Vesicles red Position,0,1,15,300033991,300058866,Cells 1 x.icsx_[ibrx_2026-08-20T16-15-22.389],400001,Ly7_dTAG_G_LCR_BCL6_n1_3_R3D_[ims1_2026-08-20T16-15-22.389]
434.087372,-52.306042,-1.710505,µm,Vesicles red, Vesicles red Position,0,1,15,300033992,300058867,Cells 1 x.icsx_[ibrx_2026-08-20T16-15-22.389],400001,Ly7_dTAG_G_LCR_BCL6_n1_3_R3D_[ims1_2026-08-20T16-15-22.389]
434.930908,-58.087345,-1.475031,µm,Vesicles red, Vesicles red Position,0,1,15,300033993,300058868,Cells 1 x.icsx_[ibrx_2026-08-20T16-15-22.389],400001,Ly7_dTAG_G_LCR_BCL6_n1_3_R3D_[ims1_2026-08-20T16-15-22.389]
435.096436,-57.573265,-1.303708,µm,Vesicles red, Vesicles red Position,0,1,15,300033994,300058869,Cells 1 x.icsx_[ibrx_2026-08-20T16-15-22.389],400001,Ly7_dTAG_G_LCR_BCL6_n1_3_R3D_[ims1_2026-08-20T16-15-22.389]
389.370605,-44.319061,-1.77038,µm,Vesicles red, Vesicles red Position,0,1,16,300033995,300058870,Cells 1 x.icsx_[ibrx_2026-08-20T16-15-22.389],400001,Ly7_dTAG_G_LCR_BCL6_n1_3_R3D_[ims1_2026-08-20T16-15-22.389]
385.986053,-37.758823,-1.725071,µm,Vesicles red, Vesicles red Position,0,1,16,300033996,300058871,Cells 1 x.icsx_[ibrx_2026-08-20T16-15-22.389],400001,Ly7_dTAG_G_LCR_BCL6_n1_3_R3D_[ims1_2026-08-20T16-15-22.389]
391.112946,-44.854584,-0.663159,µm,Vesicles red, Vesicles red Position,0,1,16,300033997,300058872,Cells 1 x.icsx_[ibrx_2026-08-20T16-15-22.389],400001,Ly7_dTAG_G_LCR_BCL6_n1_3_R3D_[ims1_2026-08-20T16-15-22.389]
431.245819,-38.08054,-1.997958,µm,Vesicles red, Vesicles red Position,0,1,17,300033998,300058873,Cells 1 x.icsx_[ibrx_2026-08-20T16-15-22.389],400001,Ly7_dTAG_G_LCR_BCL6_n1_3_R3D_[ims1_2026-08-20T16-15-22.389]
431.43573,-37.495735,-1.612018,µm,Vesicles red, Vesicles red Position,0,1,17,300033999,300058874,Cells 1 x.icsx_[ibrx_2026-08-20T16-15-22.389],400001,Ly7_dTAG_G_LCR_BCL6_n1_3_R3D_[ims1_2026-08-20T16-15-22.389]
425.123993,-37.554558,0.085662,µm,Vesicles red, Vesicles red Position,0,1,17,300034000,300058875,Cells 1 x.icsx_[ibrx_2026-08-20T16-15-22.389],400001,Ly7_dTAG_G_LCR_BCL6_n1_3_R3D_[ims1_2026-08-20T16-15-22.389]
426.892853,-31.176191,-1.086432,µm,Vesicles red, Vesicles red Position,0,1,17,300034001,300058876,Cells 1 x.icsx_[ibrx_2026-08-20T16-15-22.389],400001,Ly7_dTAG_G_LCR_BCL6_n1_3_R3D_[ims1_2026-08-20T16-15-22.389]
427.283142,-31.096113,-1.035431,µm,Vesicles red, Vesicles red Position,0,1,17,300034002,300058877,Cells 1 x.icsx_[ibrx_2026-08-20T16-15-22.389],400001,Ly7_dTAG_G_LCR_BCL6_n1_3_R3D_[ims1_2026-08-20T16-15-22.389]
58.558006,-27.845013,0.085891,µm,Vesicles red, Vesicles red Position,0,1,18,300034003,300031353,Cells 1 x.icsx_[ibrx_2026-08-20T16-15-22.389],400001,Ly7_dTAG_G_LCR_BCL6_n2_1_R3D_D3D_[ims1_2026-08-20T16-15-22.389]
58.858971,-28.272688,0.143797,µm,Vesicles red, Vesicles red Position,0,1,18,300034004,300031354,Cells 1 x.icsx_[ibrx_2026-08-20T16-15-22.389],400001,Ly7_dTAG_G_LCR_BCL6_n2_1_R3D_D3D_[ims1_2026-08-20T16-15-22.389]
57.137604,-26.857189,0.100653,µm,Vesicles red, Vesicles red Position,0,1,18,300034005,300031355,Cells 1 x.icsx_[ibrx_2026-08-20T16-15-22.389],400001,Ly7_dTAG_G_LCR_BCL6_n2_1_R3D_D3D_[ims1_2026-08-20T16-15-22.389]
40.81266,-11.616902,1.274529,µm,Vesicles red, Vesicles red Position,0,1,18,300034006,300031356,Cells 1 x.icsx_[ibrx_2026-08-20T16-15-22.389],400001,Ly7_dTAG_G_LCR_BCL6_n2_1_R3D_D3D_[ims1_2026-08-20T16-15-22.389]
58.292213,-28.010153,2.053162,µm,Vesicles red, Vesicles red Position,0,1,18,300034007,300031357,Cells 1 x.icsx_[ibrx_2026-08-20T16-15-22.389],400001,Ly7_dTAG_G_LCR_BCL6_n2_1_R3D_D3D_[ims1_2026-08-20T16-15-22.389]
45.837234,-12.533658,2.889635,µm,Vesicles red, Vesicles red Position,0,1,18,300034008,300031358,Cells 1 x.icsx_[ibrx_2026-08-20T16-15-22.389],400001,Ly7_dTAG_G_LCR_BCL6_n2_1_R3D_D3D_[ims1_2026-08-20T16-15-22.389]
46.051392,-12.105351,2.894787,µm,Vesicles red, Vesicles red Position,0,1,18,300034009,300031359,Cells 1 x.icsx_[ibrx_2026-08-20T16-15-22.389],400001,Ly7_dTAG_G_LCR_BCL6_n2_1_R3D_D3D_[ims1_2026-08-20T16-15-22.389]
62.711971,-18.184095,1.658059,µm,Vesicles red, Vesicles red Position,0,1,18,300034010,300031360,Cells 1 x.icsx_[ibrx_2026-08-20T16-15-22.389],400001,Ly7_dTAG_G_LCR_BCL6_n2_1_R3D_D3D_[ims1_2026-08-20T16-15-22.389]
60.336632,-15.120049,2.431111,µm,Vesicles red, Vesicles red Position,0,1,18,300034011,300031361,Cells 1 x.icsx_[ibrx_2026-08-20T16-15-22.389],400001,Ly7_dTAG_G_LCR_BCL6_n2_1_R3D_D3D_[ims1_2026-08-20T16-15-22.389]
58.823441,-14.592267,2.696746,µm,Vesicles red, Vesicles red Position,0,1,18,300034012,300031362,Cells 1 x.icsx_[ibrx_2026-08-20T16-15-22.389],400001,Ly7_dTAG_G_LCR_BCL6_n2_1_R3D_D3D_[ims1_2026-08-20T16-15-22.389]
58.719376,-17.638945,3.006942,µm,Vesicles red, Vesicles red Position,0,1,18,300034013,300031363,Cells 1 x.icsx_[ibrx_2026-08-20T16-15-22.389],400001,Ly7_dTAG_G_LCR_BCL6_n2_1_R3D_D3D_[ims1_2026-08-20T16-15-22.389]
68.187103,-20.914701,2.624784,µm,Vesicles red, Vesicles red Position,0,1,18,300034014,300031364,Cells 1 x.icsx_[ibrx_2026-08-20T16-15-22.389],400001,Ly7_dTAG_G_LCR_BCL6_n2_1_R3D_D3D_[ims1_2026-08-20T16-15-22.389]
43.873718,-7.333486,2.047027,µm,Vesicles red, Vesicles red Position,0,1,18,300034015,300031365,Cells 1 x.icsx_[ibrx_2026-08-20T16-15-22.389],400001,Ly7_dTAG_G_LCR_BCL6_n2_1_R3D_D3D_[ims1_2026-08-20T16-15-22.389]
58.844193,-25.15115,0.085008,µm,Vesicles red, Vesicles red Position,0,1,19,300034016,300060414,Cells 1 x.icsx_[ibrx_2026-08-20T16-15-22.389],400001,Ly7_dTAG_G_LCR_BCL6_n2_1_R3D_[ims1_2026-08-20T16-15-22.389]
60.574783,-26.508913,0.135264,µm,Vesicles red, Vesicles red Position,0,1,19,300034017,300060415,Cells 1 x.icsx_[ibrx_2026-08-20T16-15-22.389],400001,Ly7_dTAG_G_LCR_BCL6_n2_1_R3D_[ims1_2026-08-20T16-15-22.389]
60.298649,-26.139179,0.109779,µm,Vesicles red, Vesicles red Position,0,1,19,300034018,300060416,Cells 1 x.icsx_[ibrx_2026-08-20T16-15-22.389],400001,Ly7_dTAG_G_LCR_BCL6_n2_1_R3D_[ims1_2026-08-20T16-15-22.389]
42.526947,-9.887261,1.256469,µm,Vesicles red, Vesicles red Position,0,1,19,300034019,300060417,Cells 1 x.icsx_[ibrx_2026-08-20T16-15-22.389],400001,Ly7_dTAG_G_LCR_BCL6_n2_1_R3D_[ims1_2026-08-20T16-15-22.389]
42.115261,-10.723969,1.411893,µm,Vesicles red, Vesicles red Position,0,1,19,300034020,300060418,Cells 1 x.icsx_[ibrx_2026-08-20T16-15-22.389],400001,Ly7_dTAG_G_LCR_BCL6_n2_1_R3D_[ims1_2026-08-20T16-15-22.389]
59.596733,-26.711548,2.007273,µm,Vesicles red, Vesicles red Position,0,1,19,300034021,300060419,Cells 1 x.icsx_[ibrx_2026-08-20T16-15-22.389],400001,Ly7_dTAG_G_LCR_BCL6_n2_1_R3D_[ims1_2026-08-20T16-15-22.389]
59.998466,-26.296434,2.005889,µm,Vesicles red, Vesicles red Position,0,1,19,300034022,300060420,Cells 1 x.icsx_[ibrx_2026-08-20T16-15-22.389],400001,Ly7_dTAG_G_LCR_BCL6_n2_1_R3D_[ims1_2026-08-20T16-15-22.389]
47.584793,-10.786225,2.899639,µm,Vesicles red, Vesicles red Position,0,1,19,300034023,300060421,Cells 1 x.icsx_[ibrx_2026-08-20T16-15-22.389],400001,Ly7_dTAG_G_LCR_BCL6_n2_1_R3D_[ims1_2026-08-20T16-15-22.389]
47.762772,-10.426408,2.891499,µm,Vesicles red, Vesicles red Position,0,1,19,300034024,300060422,Cells 1 x.icsx_[ibrx_2026-08-20T16-15-22.389],400001,Ly7_dTAG_G_LCR_BCL6_n2_1_R3D_[ims1_2026-08-20T16-15-22.389]
64.429825,-16.489828,1.632142,µm,Vesicles red, Vesicles red Position,0,1,19,300034025,300060423,Cells 1 x.icsx_[ibrx_2026-08-20T16-15-22.389],400001,Ly7_dTAG_G_LCR_BCL6_n2_1_R3D_[ims1_2026-08-20T16-15-22.389]
62.051144,-13.400319,2.397883,µm,Vesicles red, Vesicles red Position,0,1,19,300034026,300060424,Cells 1 x.icsx_[ibrx_2026-08-20T16-15-22.389],400001,Ly7_dTAG_G_LCR_BCL6_n2_1_R3D_[ims1_2026-08-20T16-15-22.389]
60.537109,-12.898679,2.68214,µm,Vesicles red, Vesicles red Position,0,1,19,300034027,300060425,Cells 1 x.icsx_[ibrx_2026-08-20T16-15-22.389],400001,Ly7_dTAG_G_LCR_BCL6_n2_1_R3D_[ims1_2026-08-20T16-15-22.389]
60.441185,-15.929517,2.992086,µm,Vesicles red, Vesicles red Position,0,1,19,300034028,300060426,Cells 1 x.icsx_[ibrx_2026-08-20T16-15-22.389],400001,Ly7_dTAG_G_LCR_BCL6_n2_1_R3D_[ims1_2026-08-20T16-15-22.389]
69.915764,-19.194889,2.611032,µm,Vesicles red, Vesicles red Position,0,1,19,300034029,300060427,Cells 1 x.icsx_[ibrx_2026-08-20T16-15-22.389],400001,Ly7_dTAG_G_LCR_BCL6_n2_1_R3D_[ims1_2026-08-20T16-15-22.389]
45.598206,-5.621774,2.056932,µm,Vesicles red, Vesicles red Position,0,1,19,300034030,300060428,Cells 1 x.icsx_[ibrx_2026-08-20T16-15-22.389],400001,Ly7_dTAG_G_LCR_BCL6_n2_1_R3D_[ims1_2026-08-20T16-15-22.389]
62.297897,47.988739,2.498702,µm,Vesicles red, Vesicles red Position,0,1,20,300034031,300032588,Cells 1 x.icsx_[ibrx_2026-08-20T16-15-22.389],400001,Ly7_dTAG_G_LCR_BCL6_n2_2_R3D_D3D_[ims1_2026-08-20T16-15-22.389]
58.191525,50.055012,2.643074,µm,Vesicles red, Vesicles red Position,0,1,20,300034032,300032589,Cells 1 x.icsx_[ibrx_2026-08-20T16-15-22.389],400001,Ly7_dTAG_G_LCR_BCL6_n2_2_R3D_D3D_[ims1_2026-08-20T16-15-22.389]
58.906143,49.398582,2.810076,µm,Vesicles red, Vesicles red Position,0,1,20,300034033,300032590,Cells 1 x.icsx_[ibrx_2026-08-20T16-15-22.389],400001,Ly7_dTAG_G_LCR_BCL6_n2_2_R3D_D3D_[ims1_2026-08-20T16-15-22.389]
68.759941,71.816025,0.477945,µm,Vesicles red, Vesicles red Position,0,1,21,300034034,300032591,Cells 1 x.icsx_[ibrx_2026-08-20T16-15-22.389],400001,Ly7_dTAG_G_LCR_BCL6_n2_2_R3D_D3D_[ims1_2026-08-20T16-15-22.389]
94.939308,69.742439,1.075086,µm,Vesicles red, Vesicles red Position,0,1,21,300034035,300032592,Cells 1 x.icsx_[ibrx_2026-08-20T16-15-22.389],400001,Ly7_dTAG_G_LCR_BCL6_n2_2_R3D_D3D_[ims1_2026-08-20T16-15-22.389]
98.749741,71.950111,0.212765,µm,Vesicles red, Vesicles red Position,0,1,21,300034036,300032593,Cells 1 x.icsx_[ibrx_2026-08-20T16-15-22.389],400001,Ly7_dTAG_G_LCR_BCL6_n2_2_R3D_D3D_[ims1_2026-08-20T16-15-22.389]
69.56398,74.249046,0.788942,µm,Vesicles red, Vesicles red Position,0,1,21,300034037,300032594,Cells 1 x.icsx_[ibrx_2026-08-20T16-15-22.389],400001,Ly7_dTAG_G_LCR_BCL6_n2_2_R3D_D3D_[ims1_2026-08-20T16-15-22.389]
91.124931,78.892426,0.208478,µm,Vesicles red, Vesicles red Position,0,1,21,300034038,300032595,Cells 1 x.icsx_[ibrx_2026-08-20T16-15-22.389],400001,Ly7_dTAG_G_LCR_BCL6_n2_2_R3D_D3D_[ims1_2026-08-20T16-15-22.389]
90.743774,77.508812,0.402231,µm,Vesicles red, Vesicles red Position,0,1,21,300034039,300032596,Cells 1 x.icsx_[ibrx_2026-08-20T16-15-22.389],400001,Ly7_dTAG_G_LCR_BCL6_n2_2_R3D_D3D_[ims1_2026-08-20T16-15-22.389]
82.862709,61.646469,2.058462,µm,Vesicles red, Vesicles red Position,0,1,21,300034040,300032597,Cells 1 x.icsx_[ibrx_2026-08-20T16-15-22.389],400001,Ly7_dTAG_G_LCR_BCL6_n2_2_R3D_D3D_[ims1_2026-08-20T16-15-22.389]
82.756172,63.418564,2.025303,µm,Vesicles red, Vesicles red Position,0,1,21,300034041,300032598,Cells 1 x.icsx_[ibrx_2026-08-20T16-15-22.389],400001,Ly7_dTAG_G_LCR_BCL6_n2_2_R3D_D3D_[ims1_2026-08-20T16-15-22.389]
82.828377,64.180603,2.095253,µm,Vesicles red, Vesicles red Position,0,1,21,300034042,300032599,Cells 1 x.icsx_[ibrx_2026-08-20T16-15-22.389],400001,Ly7_dTAG_G_LCR_BCL6_n2_2_R3D_D3D_[ims1_2026-08-20T16-15-22.389]
86.934433,70.702507,1.6205,µm,Vesicles red, Vesicles red Position,0,1,21,300034043,300032600,Cells 1 x.icsx_[ibrx_2026-08-20T16-15-22.389],400001,Ly7_dTAG_G_LCR_BCL6_n2_2_R3D_D3D_[ims1_2026-08-20T16-15-22.389]
96.380371,69.16906,2.7939,µm,Vesicles red, Vesicles red Position,0,1,21,300034044,300032601,Cells 1 x.icsx_[ibrx_2026-08-20T16-15-22.389],400001,Ly7_dTAG_G_LCR_BCL6_n2_2_R3D_D3D_[ims1_2026-08-20T16-15-22.389]
96.31337,69.895752,2.938129,µm,Vesicles red, Vesicles red Position,0,1,21,300034045,300032602,Cells 1 x.icsx_[ibrx_2026-08-20T16-15-22.389],400001,Ly7_dTAG_G_LCR_BCL6_n2_2_R3D_D3D_[ims1_2026-08-20T16-15-22.389]
72.130424,77.335083,1.760345,µm,Vesicles red, Vesicles red Position,0,1,21,300034046,300032603,Cells 1 x.icsx_[ibrx_2026-08-20T16-15-22.389],400001,Ly7_dTAG_G_LCR_BCL6_n2_2_R3D_D3D_[ims1_2026-08-20T16-15-22.389]
93.115524,77.107605,2.278052,µm,Vesicles red, Vesicles red Position,0,1,21,300034047,300032604,Cells 1 x.icsx_[ibrx_2026-08-20T16-15-22.389],400001,Ly7_dTAG_G_LCR_BCL6_n2_2_R3D_D3D_[ims1_2026-08-20T16-15-22.389]
89.608429,84.051407,2.579598,µm,Vesicles red, Vesicles red Position,0,1,21,300034048,300032605,Cells 1 x.icsx_[ibrx_2026-08-20T16-15-22.389],400001,Ly7_dTAG_G_LCR_BCL6_n2_2_R3D_D3D_[ims1_2026-08-20T16-15-22.389]
66.290207,93.847694,0.609614,µm,Vesicles red, Vesicles red Position,0,1,22,300034049,300032606,Cells 1 x.icsx_[ibrx_2026-08-20T16-15-22.389],400001,Ly7_dTAG_G_LCR_BCL6_n2_2_R3D_D3D_[ims1_2026-08-20T16-15-22.389]
63.402397,97.472488,2.32173,µm,Vesicles red, Vesicles red Position,0,1,22,300034050,300032607,Cells 1 x.icsx_[ibrx_2026-08-20T16-15-22.389],400001,Ly7_dTAG_G_LCR_BCL6_n2_2_R3D_D3D_[ims1_2026-08-20T16-15-22.389]
64.01709,49.688358,2.498943,µm,Vesicles red, Vesicles red Position,0,1,23,300034051,300062695,Cells 1 x.icsx_[ibrx_2026-08-20T16-15-22.389],400001,Ly7_dTAG_G_LCR_BCL6_n2_2_R3D_[ims1_2026-08-20T16-15-22.389]
59.905888,51.766541,2.650365,µm,Vesicles red, Vesicles red Position,0,1,23,300034052,300062696,Cells 1 x.icsx_[ibrx_2026-08-20T16-15-22.389],400001,Ly7_dTAG_G_LCR_BCL6_n2_2_R3D_[ims1_2026-08-20T16-15-22.389]
60.615467,51.1203,2.807392,µm,Vesicles red, Vesicles red Position,0,1,23,300034053,300062697,Cells 1 x.icsx_[ibrx_2026-08-20T16-15-22.389],400001,Ly7_dTAG_G_LCR_BCL6_n2_2_R3D_[ims1_2026-08-20T16-15-22.389]
96.656425,71.483467,1.085773,µm,Vesicles red, Vesicles red Position,0,1,24,300034054,300062698,Cells 1 x.icsx_[ibrx_2026-08-20T16-15-22.389],400001,Ly7_dTAG_G_LCR_BCL6_n2_2_R3D_[ims1_2026-08-20T16-15-22.389]
70.472168,73.543594,0.480689,µm,Vesicles red, Vesicles red Position,0,1,24,300034055,300062699,Cells 1 x.icsx_[ibrx_2026-08-20T16-15-22.389],400001,Ly7_dTAG_G_LCR_BCL6_n2_2_R3D_[ims1_2026-08-20T16-15-22.389]
71.290276,75.966812,0.800465,µm,Vesicles red, Vesicles red Position,0,1,24,300034056,300062700,Cells 1 x.icsx_[ibrx_2026-08-20T16-15-22.389],400001,Ly7_dTAG_G_LCR_BCL6_n2_2_R3D_[ims1_2026-08-20T16-15-22.389]
92.838837,80.608704,0.249447,µm,Vesicles red, Vesicles red Position,0,1,24,300034057,300062701,Cells 1 x.icsx_[ibrx_2026-08-20T16-15-22.389],400001,Ly7_dTAG_G_LCR_BCL6_n2_2_R3D_[ims1_2026-08-20T16-15-22.389]
92.464523,79.214386,0.41769,µm,Vesicles red, Vesicles red Position,0,1,24,300034058,300062702,Cells 1 x.icsx_[ibrx_2026-08-20T16-15-22.389],400001,Ly7_dTAG_G_LCR_BCL6_n2_2_R3D_[ims1_2026-08-20T16-15-22.389]
100.48111,73.665634,0.211424,µm,Vesicles red, Vesicles red Position,0,1,24,300034059,300062703,Cells 1 x.icsx_[ibrx_2026-08-20T16-15-22.389],400001,Ly7_dTAG_G_LCR_BCL6_n2_2_R3D_[ims1_2026-08-20T16-15-22.389]
88.744209,72.39122,1.569296,µm,Vesicles red, Vesicles red Position,0,1,24,300034060,300062704,Cells 1 x.icsx_[ibrx_2026-08-20T16-15-22.389],400001,Ly7_dTAG_G_LCR_BCL6_n2_2_R3D_[ims1_2026-08-20T16-15-22.389]
84.580887,63.379204,2.054388,µm,Vesicles red, Vesicles red Position,0,1,24,300034061,300062705,Cells 1 x.icsx_[ibrx_2026-08-20T16-15-22.389],400001,Ly7_dTAG_G_LCR_BCL6_n2_2_R3D_[ims1_2026-08-20T16-15-22.389]
84.479324,65.155769,2.019039,µm,Vesicles red, Vesicles red Position,0,1,24,300034062,300062706,Cells 1 x.icsx_[ibrx_2026-08-20T16-15-22.389],400001,Ly7_dTAG_G_LCR_BCL6_n2_2_R3D_[ims1_2026-08-20T16-15-22.389]
84.536789,65.820015,2.006523,µm,Vesicles red, Vesicles red Position,0,1,24,300034063,300062707,Cells 1 x.icsx_[ibrx_2026-08-20T16-15-22.389],400001,Ly7_dTAG_G_LCR_BCL6_n2_2_R3D_[ims1_2026-08-20T16-15-22.389]
98.100739,70.889664,2.767835,µm,Vesicles red, Vesicles red Position,0,1,24,300034064,300062708,Cells 1 x.icsx_[ibrx_2026-08-20T16-15-22.389],400001,Ly7_dTAG_G_LCR_BCL6_n2_2_R3D_[ims1_2026-08-20T16-15-22.389]
98.02523,71.609131,2.911785,µm,Vesicles red, Vesicles red Position,0,1,24,300034065,300062709,Cells 1 x.icsx_[ibrx_2026-08-20T16-15-22.389],400001,Ly7_dTAG_G_LCR_BCL6_n2_2_R3D_[ims1_2026-08-20T16-15-22.389]
73.849899,79.062622,1.833895,µm,Vesicles red, Vesicles red Position,0,1,24,300034066,300062710,Cells 1 x.icsx_[ibrx_2026-08-20T16-15-22.389],400001,Ly7_dTAG_G_LCR_BCL6_n2_2_R3D_[ims1_2026-08-20T16-15-22.389]
94.85778,78.849945,2.272526,µm,Vesicles red, Vesicles red Position,0,1,24,300034067,300062711,Cells 1 x.icsx_[ibrx_2026-08-20T16-15-22.389],400001,Ly7_dTAG_G_LCR_BCL6_n2_2_R3D_[ims1_2026-08-20T16-15-22.389]
91.324661,85.75354,2.57382,µm,Vesicles red, Vesicles red Position,0,1,24,300034068,300062712,Cells 1 x.icsx_[ibrx_2026-08-20T16-15-22.389],400001,Ly7_dTAG_G_LCR_BCL6_n2_2_R3D_[ims1_2026-08-20T16-15-22.389]
68.002838,95.566864,0.583524,µm,Vesicles red, Vesicles red Position,0,1,25,300034069,300062713,Cells 1 x.icsx_[ibrx_2026-08-20T16-15-22.389],400001,Ly7_dTAG_G_LCR_BCL6_n2_2_R3D_[ims1_2026-08-20T16-15-22.389]
65.466423,99.596024,2.575979,µm,Vesicles red, Vesicles red Position,0,1,25,300034070,300062714,Cells 1 x.icsx_[ibrx_2026-08-20T16-15-22.389],400001,Ly7_dTAG_G_LCR_BCL6_n2_2_R3D_[ims1_2026-08-20T16-15-22.389]
414.694366,68.584877,1.049481,µm,Vesicles red, Vesicles red Position,0,1,26,300034071,300030922,Cells 1 x.icsx_[ibrx_2026-08-20T16-15-22.389],400001,Ly7_dTAG_G_LCR_BCL6_n2_3_R3D_D3D_[ims1_2026-08-20T16-15-22.389]
428.04303,62.66497,1.414714,µm,Vesicles red, Vesicles red Position,0,1,26,300034072,300030923,Cells 1 x.icsx_[ibrx_2026-08-20T16-15-22.389],400001,Ly7_dTAG_G_LCR_BCL6_n2_3_R3D_D3D_[ims1_2026-08-20T16-15-22.389]
418.002228,71.939079,0.637511,µm,Vesicles red, Vesicles red Position,0,1,26,300034073,300030924,Cells 1 x.icsx_[ibrx_2026-08-20T16-15-22.389],400001,Ly7_dTAG_G_LCR_BCL6_n2_3_R3D_D3D_[ims1_2026-08-20T16-15-22.389]
417.321991,72.188721,0.761725,µm,Vesicles red, Vesicles red Position,0,1,26,300034074,300030925,Cells 1 x.icsx_[ibrx_2026-08-20T16-15-22.389],400001,Ly7_dTAG_G_LCR_BCL6_n2_3_R3D_D3D_[ims1_2026-08-20T16-15-22.389]
427.693329,59.421253,2.289218,µm,Vesicles red, Vesicles red Position,0,1,26,300034075,300030926,Cells 1 x.icsx_[ibrx_2026-08-20T16-15-22.389],400001,Ly7_dTAG_G_LCR_BCL6_n2_3_R3D_D3D_[ims1_2026-08-20T16-15-22.389]
415.909363,73.506943,2.277812,µm,Vesicles red, Vesicles red Position,0,1,26,300034076,300030927,Cells 1 x.icsx_[ibrx_2026-08-20T16-15-22.389],400001,Ly7_dTAG_G_LCR_BCL6_n2_3_R3D_D3D_[ims1_2026-08-20T16-15-22.389]
428.501343,89.888779,1.071407,µm,Vesicles red, Vesicles red Position,0,1,27,300034077,300030928,Cells 1 x.icsx_[ibrx_2026-08-20T16-15-22.389],400001,Ly7_dTAG_G_LCR_BCL6_n2_3_R3D_D3D_[ims1_2026-08-20T16-15-22.389]
444.267212,104.317612,0.517666,µm,Vesicles red, Vesicles red Position,0,1,27,300034078,300030929,Cells 1 x.icsx_[ibrx_2026-08-20T16-15-22.389],400001,Ly7_dTAG_G_LCR_BCL6_n2_3_R3D_D3D_[ims1_2026-08-20T16-15-22.389]
443.379364,105.222321,0.553913,µm,Vesicles red, Vesicles red Position,0,1,27,300034079,300030930,Cells 1 x.icsx_[ibrx_2026-08-20T16-15-22.389],400001,Ly7_dTAG_G_LCR_BCL6_n2_3_R3D_D3D_[ims1_2026-08-20T16-15-22.389]
432.54837,107.834091,0.5068,µm,Vesicles red, Vesicles red Position,0,1,27,300034080,300030931,Cells 1 x.icsx_[ibrx_2026-08-20T16-15-22.389],400001,Ly7_dTAG_G_LCR_BCL6_n2_3_R3D_D3D_[ims1_2026-08-20T16-15-22.389]
432.117188,106.436523,0.757365,µm,Vesicles red, Vesicles red Position,0,1,27,300034081,300030932,Cells 1 x.icsx_[ibrx_2026-08-20T16-15-22.389],400001,Ly7_dTAG_G_LCR_BCL6_n2_3_R3D_D3D_[ims1_2026-08-20T16-15-22.389]
432.777893,105.522034,1.161131,µm,Vesicles red, Vesicles red Position,0,1,27,300034082,300030933,Cells 1 x.icsx_[ibrx_2026-08-20T16-15-22.389],400001,Ly7_dTAG_G_LCR_BCL6_n2_3_R3D_D3D_[ims1_2026-08-20T16-15-22.389]
416.40564,70.304955,1.044964,µm,Vesicles red, Vesicles red Position,0,1,28,300034083,300059869,Cells 1 x.icsx_[ibrx_2026-08-20T16-15-22.389],400001,Ly7_dTAG_G_LCR_BCL6_n2_3_R3D_[ims1_2026-08-20T16-15-22.389]
421.983124,58.477089,0.811133,µm,Vesicles red, Vesicles red Position,0,1,28,300034084,300059870,Cells 1 x.icsx_[ibrx_2026-08-20T16-15-22.389],400001,Ly7_dTAG_G_LCR_BCL6_n2_3_R3D_[ims1_2026-08-20T16-15-22.389]
429.761383,64.390511,1.415721,µm,Vesicles red, Vesicles red Position,0,1,28,300034085,300059871,Cells 1 x.icsx_[ibrx_2026-08-20T16-15-22.389],400001,Ly7_dTAG_G_LCR_BCL6_n2_3_R3D_[ims1_2026-08-20T16-15-22.389]
419.707733,73.659821,0.629782,µm,Vesicles red, Vesicles red Position,0,1,28,300034086,300059872,Cells 1 x.icsx_[ibrx_2026-08-20T16-15-22.389],400001,Ly7_dTAG_G_LCR_BCL6_n2_3_R3D_[ims1_2026-08-20T16-15-22.389]
419.042023,73.896294,0.750234,µm,Vesicles red, Vesicles red Position,0,1,28,300034087,300059873,Cells 1 x.icsx_[ibrx_2026-08-20T16-15-22.389],400001,Ly7_dTAG_G_LCR_BCL6_n2_3_R3D_[ims1_2026-08-20T16-15-22.389]
429.41098,61.124184,2.27477,µm,Vesicles red, Vesicles red Position,0,1,28,300034088,300059874,Cells 1 x.icsx_[ibrx_2026-08-20T16-15-22.389],400001,Ly7_dTAG_G_LCR_BCL6_n2_3_R3D_[ims1_2026-08-20T16-15-22.389]
417.791718,75.296509,2.366626,µm,Vesicles red, Vesicles red Position,0,1,28,300034089,300059875,Cells 1 x.icsx_[ibrx_2026-08-20T16-15-22.389],400001,Ly7_dTAG_G_LCR_BCL6_n2_3_R3D_[ims1_2026-08-20T16-15-22.389]
430.213501,91.600861,1.068236,µm,Vesicles red, Vesicles red Position,0,1,29,300034090,300059876,Cells 1 x.icsx_[ibrx_2026-08-20T16-15-22.389],400001,Ly7_dTAG_G_LCR_BCL6_n2_3_R3D_[ims1_2026-08-20T16-15-22.389]
432.867371,96.128464,0.416664,µm,Vesicles red, Vesicles red Position,0,1,29,300034091,300059877,Cells 1 x.icsx_[ibrx_2026-08-20T16-15-22.389],400001,Ly7_dTAG_G_LCR_BCL6_n2_3_R3D_[ims1_2026-08-20T16-15-22.389]
434.269501,109.552536,0.514148,µm,Vesicles red, Vesicles red Position,0,1,29,300034092,300059878,Cells 1 x.icsx_[ibrx_2026-08-20T16-15-22.389],400001,Ly7_dTAG_G_LCR_BCL6_n2_3_R3D_[ims1_2026-08-20T16-15-22.389]
433.83078,108.152084,0.744291,µm,Vesicles red, Vesicles red Position,0,1,29,300034093,300059879,Cells 1 x.icsx_[ibrx_2026-08-20T16-15-22.389],400001,Ly7_dTAG_G_LCR_BCL6_n2_3_R3D_[ims1_2026-08-20T16-15-22.389]
434.495453,107.243469,1.154138,µm,Vesicles red, Vesicles red Position,0,1,29,300034094,300059880,Cells 1 x.icsx_[ibrx_2026-08-20T16-15-22.389],400001,Ly7_dTAG_G_LCR_BCL6_n2_3_R3D_[ims1_2026-08-20T16-15-22.389]
445.984222,106.030769,0.504095,µm,Vesicles red, Vesicles red Position,0,1,29,300034095,300059881,Cells 1 x.icsx_[ibrx_2026-08-20T16-15-22.389],400001,Ly7_dTAG_G_LCR_BCL6_n2_3_R3D_[ims1_2026-08-20T16-15-22.389]
445.098114,106.944977,0.558256,µm,Vesicles red, Vesicles red Position,0,1,29,300034096,300059882,Cells 1 x.icsx_[ibrx_2026-08-20T16-15-22.389],400001,Ly7_dTAG_G_LCR_BCL6_n2_3_R3D_[ims1_2026-08-20T16-15-22.389]
